bundle_name,upload_date,drive_folder_id,shareable_link
eternal,2026-05-18 15:22,1ro-cKMYM2OfmU2Xm3xIkxZzEZx4emgE2,https://drive.google.com/drive/folders/1ro-cKMYM2OfmU2Xm3xIkxZzEZx4emgE2
Eternal Moon,2026-05-19 21:38,1PX_W4njy04mQCKwMrqFGtM4UBO4-g_At,https://drive.google.com/drive/folders/1PX_W4njy04mQCKwMrqFGtM4UBO4-g_At
IMPERIAL MOON COLLECTION,2026-05-20 10:43,1HLb1TTZdoBhHd19GQaFaQLZBrf_dMfk3,https://drive.google.com/drive/folders/1HLb1TTZdoBhHd19GQaFaQLZBrf_dMfk3
Dark Feminine Tumbler Wrap,2026-05-21 17:24,15o1bLep44oNQBf1BnW2wF5IyNGEwTmOB,https://drive.google.com/drive/folders/15o1bLep44oNQBf1BnW2wF5IyNGEwTmOB
Botanical Gothic Bundle,2026-05-23 13:51,1jlwvrf2ihzGhqvlKMkPOk8CZYHXBjb-Q,https://drive.google.com/drive/folders/1jlwvrf2ihzGhqvlKMkPOk8CZYHXBjb-Q
Botanical Gothic Bundle,2026-05-23 14:18,1xPv9vGGdjmznFfehn2UMZI2K30HL0WYX,https://drive.google.com/drive/folders/1xPv9vGGdjmznFfehn2UMZI2K30HL0WYX
Gothic Coffee Coven Emblem,2026-05-25 17:55,171RtaTzxHMetml3EjMzxQD3TkegYKxfe,https://drive.google.com/drive/folders/171RtaTzxHMetml3EjMzxQD3TkegYKxfe
Gothic Cowgirl Tumbler Wrap,2026-05-25 18:47,1PBrf863t4y7l_xjUjst7z7PiWqNil1KU,https://drive.google.com/drive/folders/1PBrf863t4y7l_xjUjst7z7PiWqNil1KU
Bride Tumbler wrap,2026-05-31 22:17,18tBgiB5g3d5cXJmi4bxB46HS2Fl98YQj,https://drive.google.com/drive/folders/18tBgiB5g3d5cXJmi4bxB46HS2Fl98YQj
Zodiac Sign,2026-06-01 17:22,1CgoE5lqxqPYRU_KRRHcBrUSi9GxhEyCj,https://drive.google.com/drive/folders/1CgoE5lqxqPYRU_KRRHcBrUSi9GxhEyCj
Gothic Skull Collection,2026-06-01 18:32,1EdsTHlprtgLowlc2ZNzDR4kyxsWH3dfx,https://drive.google.com/drive/folders/1EdsTHlprtgLowlc2ZNzDR4kyxsWH3dfx
BLACK CAT TUMBLER,2026-06-14 14:46,1XiKxP4p1gOICVhI4MfNY6xSEriSkEaQX,https://drive.google.com/drive/folders/1XiKxP4p1gOICVhI4MfNY6xSEriSkEaQX
BLACK CAT TUMBLER,2026-06-14 22:25,1qx868v1VsKICXXZPVBcJVpwVX46HoZdO,https://drive.google.com/drive/folders/1qx868v1VsKICXXZPVBcJVpwVX46HoZdO
EMO GOTH GIRL,2026-06-16 20:39,1GY_-6kOyiOCDYjym-uikq-T3rvFtBvag,https://drive.google.com/drive/folders/1GY_-6kOyiOCDYjym-uikq-T3rvFtBvag
Prayer Scripture Tumbler Wrap,2026-06-20 15:57,18U9lnU0jhBUqwj_0OmhzmDYX86emkVLD,https://drive.google.com/drive/folders/18U9lnU0jhBUqwj_0OmhzmDYX86emkVLD
Jesus Christ Bundle,2026-06-27 17:01,1E0hTkIYmJd6v277eXddfON9B6glJn2cn,https://drive.google.com/drive/folders/1E0hTkIYmJd6v277eXddfON9B6glJn2cn
Botanical Gothic Bundle_mck,2026-06-27 23:14,17F-rxeBupQ5yj9vbQ9iprHOOmcsi9gUt,https://drive.google.com/drive/folders/17F-rxeBupQ5yj9vbQ9iprHOOmcsi9gUt
Botanical Gothic Bundle_mck,2026-06-28 11:55,1290EySMixHKW5Isx9ufEtGAO9fdcMp_p,https://drive.google.com/drive/folders/1290EySMixHKW5Isx9ufEtGAO9fdcMp_p
